ticket_description,expert_id
Data not syncing with the cloud.,expert_6
System reports inaccurate metrics.,expert_4
Payment gateway timeout error.,expert_5
Permissions issue for user roles.,expert_0
Integration with third-party API fails.,expert_5
Data not syncing with the cloud.,expert_5
System crashes when loading files.,expert_5
Search functionality returns incorrect results.,expert_2
Slow performance during peak hours.,expert_9
Firewall blocks application traffic.,expert_5
Memory leak when running intensive operations.,expert_0
Payment gateway timeout error.,expert_8
UI elements are not responsive on mobile.,expert_1
Search functionality returns incorrect results.,expert_6
Backup process fails intermittently.,expert_8
Firewall blocks application traffic.,expert_0
System reports inaccurate metrics.,expert_6
Slow performance during peak hours.,expert_8
Incorrect timezone in reports.,expert_0
Search functionality returns incorrect results.,expert_4
Unable to connect to the database.,expert_5
Incorrect timezone in reports.,expert_9
Incorrect timezone in reports.,expert_1
Unable to connect to the database.,expert_0
Payment gateway timeout error.,expert_4
Email notifications not being sent.,expert_4
Payment gateway timeout error.,expert_0
Email notifications not being sent.,expert_3
Memory leak when running intensive operations.,expert_6
Error 404 when accessing the application.,expert_5
Integration with third-party API fails.,expert_4
UI elements are not responsive on mobile.,expert_9
Permissions issue for user roles.,expert_1
Firewall blocks application traffic.,expert_0
Unable to connect to the database.,expert_6
Backup process fails intermittently.,expert_8
Data not syncing with the cloud.,expert_8
Error in processing bulk uploads.,expert_4
Permissions issue for user roles.,expert_3
Integration with third-party API fails.,expert_4
Search functionality returns incorrect results.,expert_9
Integration with third-party API fails.,expert_8
System crashes when loading files.,expert_1
Data not syncing with the cloud.,expert_8
Application fails to save settings.,expert_0
Error in processing bulk uploads.,expert_7
Scheduler doesn't execute tasks as expected.,expert_8
Firewall blocks application traffic.,expert_9
System reports inaccurate metrics.,expert_6
Integration with third-party API fails.,expert_7
System crashes when loading files.,expert_3
Unexpected logout from the system.,expert_0
Application fails to save settings.,expert_9
Integration with third-party API fails.,expert_3
Payment gateway timeout error.,expert_8
Scheduler doesn't execute tasks as expected.,expert_3
Search functionality returns incorrect results.,expert_6
Error 404 when accessing the application.,expert_6
Application fails to save settings.,expert_4
Incorrect timezone in reports.,expert_8
Integration with third-party API fails.,expert_2
Permissions issue for user roles.,expert_0
Backup process fails intermittently.,expert_4
Payment gateway timeout error.,expert_2
Search functionality returns incorrect results.,expert_1
Scheduler doesn't execute tasks as expected.,expert_2
Data not syncing with the cloud.,expert_7
Integration with third-party API fails.,expert_4
Data not syncing with the cloud.,expert_2
Slow performance during peak hours.,expert_8
Search functionality returns incorrect results.,expert_6
System crashes when loading files.,expert_6
Error in processing bulk uploads.,expert_7
Error in processing bulk uploads.,expert_4
Error in processing bulk uploads.,expert_9
Unable to connect to the database.,expert_4
Email notifications not being sent.,expert_2
Unable to connect to the database.,expert_3
Incorrect timezone in reports.,expert_5
Search functionality returns incorrect results.,expert_4
Error 404 when accessing the application.,expert_7
Backup process fails intermittently.,expert_1
UI elements are not responsive on mobile.,expert_8
Firewall blocks application traffic.,expert_4
Payment gateway timeout error.,expert_8
Error 404 when accessing the application.,expert_7
Integration with third-party API fails.,expert_2
Firewall blocks application traffic.,expert_8
Slow performance during peak hours.,expert_0
UI elements are not responsive on mobile.,expert_4
Payment gateway timeout error.,expert_1
Integration with third-party API fails.,expert_8
Slow performance during peak hours.,expert_6
Error 404 when accessing the application.,expert_5
System reports inaccurate metrics.,expert_0
Application fails to save settings.,expert_3
Unexpected logout from the system.,expert_2
Permissions issue for user roles.,expert_1
Error 404 when accessing the application.,expert_6
System crashes when loading files.,expert_7
Memory leak when running intensive operations.,expert_2
Payment gateway timeout error.,expert_5
System reports inaccurate metrics.,expert_1
Scheduler doesn't execute tasks as expected.,expert_2
Memory leak when running intensive operations.,expert_9
Application fails to save settings.,expert_0
Incorrect timezone in reports.,expert_8
UI elements are not responsive on mobile.,expert_0
Slow performance during peak hours.,expert_6
Memory leak when running intensive operations.,expert_5
Search functionality returns incorrect results.,expert_8
System reports inaccurate metrics.,expert_4
Permissions issue for user roles.,expert_7
Scheduler doesn't execute tasks as expected.,expert_3
Error in processing bulk uploads.,expert_0
Error 404 when accessing the application.,expert_9
Application fails to save settings.,expert_7
Unable to connect to the database.,expert_5
Error 404 when accessing the application.,expert_9
Payment gateway timeout error.,expert_2
Firewall blocks application traffic.,expert_8
UI elements are not responsive on mobile.,expert_3
Backup process fails intermittently.,expert_0
Error 404 when accessing the application.,expert_2
Email notifications not being sent.,expert_5
Incorrect timezone in reports.,expert_0
Search functionality returns incorrect results.,expert_3
Scheduler doesn't execute tasks as expected.,expert_4
UI elements are not responsive on mobile.,expert_4
Error in processing bulk uploads.,expert_8
Error 404 when accessing the application.,expert_0
Slow performance during peak hours.,expert_2
Incorrect timezone in reports.,expert_4
Application fails to save settings.,expert_0
Integration with third-party API fails.,expert_5
Permissions issue for user roles.,expert_3
Scheduler doesn't execute tasks as expected.,expert_4
Email notifications not being sent.,expert_9
System crashes when loading files.,expert_3
Unexpected logout from the system.,expert_7
Slow performance during peak hours.,expert_8
Backup process fails intermittently.,expert_3
Firewall blocks application traffic.,expert_1
Payment gateway timeout error.,expert_4
Unexpected logout from the system.,expert_5
Unable to connect to the database.,expert_1
Scheduler doesn't execute tasks as expected.,expert_4
Integration with third-party API fails.,expert_2
Unable to connect to the database.,expert_3
Slow performance during peak hours.,expert_2
Data not syncing with the cloud.,expert_0
UI elements are not responsive on mobile.,expert_2
Slow performance during peak hours.,expert_8
Slow performance during peak hours.,expert_0
UI elements are not responsive on mobile.,expert_2
Backup process fails intermittently.,expert_1
Error 404 when accessing the application.,expert_2
System reports inaccurate metrics.,expert_7
Error 404 when accessing the application.,expert_9
Firewall blocks application traffic.,expert_9
Integration with third-party API fails.,expert_3
Unexpected logout from the system.,expert_8
Memory leak when running intensive operations.,expert_1
Unexpected logout from the system.,expert_5
Payment gateway timeout error.,expert_2
Backup process fails intermittently.,expert_1
Memory leak when running intensive operations.,expert_6
System crashes when loading files.,expert_5
Error 404 when accessing the application.,expert_4
Backup process fails intermittently.,expert_2
Search functionality returns incorrect results.,expert_8
System reports inaccurate metrics.,expert_4
Email notifications not being sent.,expert_0
Incorrect timezone in reports.,expert_4
Application fails to save settings.,expert_2
Unable to connect to the database.,expert_5
Email notifications not being sent.,expert_2
Firewall blocks application traffic.,expert_2
System crashes when loading files.,expert_5
Incorrect timezone in reports.,expert_0
Error 404 when accessing the application.,expert_7
Unexpected logout from the system.,expert_7
Application fails to save settings.,expert_8
Slow performance during peak hours.,expert_3
Data not syncing with the cloud.,expert_2
Permissions issue for user roles.,expert_4
Incorrect timezone in reports.,expert_6
Application fails to save settings.,expert_5
System reports inaccurate metrics.,expert_3
Incorrect timezone in reports.,expert_2
Slow performance during peak hours.,expert_8
Firewall blocks application traffic.,expert_2
Search functionality returns incorrect results.,expert_4
Integration with third-party API fails.,expert_5
Backup process fails intermittently.,expert_3
UI elements are not responsive on mobile.,expert_0
Firewall blocks application traffic.,expert_9
Email notifications not being sent.,expert_8
Incorrect timezone in reports.,expert_1
Firewall blocks application traffic.,expert_3
